<?xml version='1.0' encoding='utf-8' standalone='yes' ?>
<map>
    <long name="prev_session_dur" value="8" />
    <long name="af_rc_max_age" value="86400" />
    <boolean name="ddl_sent" value="true" />
    <string name="sentSuccessfully">true</string>
    <string name="af_remote_config">eyJmZWF0dXJlcyI6e30sInZlciI6ImRlZmF1bHQudjEuMTYzNzE0OTUyOSJ9</string>
    <int name="versionCode" value="21187" />
    <string name="savedProperties">{&quot;uid&quot;:&quot;1753888756462-2654164750989401019&quot;,&quot;logLevel&quot;:&quot;0&quot;,&quot;advertiserId&quot;:&quot;a01b61a4-1298-4562-b761-228eac788987&quot;,&quot;advertiserIdEnabled&quot;:&quot;true&quot;}</string>
    <string name="AF_INSTALLATION">1753888756462-2654164750989401019</string>
    <boolean name="afUninstallToken_queued" value="false" />
    <int name="appsFlyerCount" value="2" />
    <long name="af_rc_timestamp" value="1754550046150" />
    <long name="AppsFlyerTimePassedSincePrevLaunch" value="1753888766071" />
    <boolean name="newGPReferrerSent" value="true" />
    <string name="appsFlyerFirstInstall">2025-07-30_151916+0000</string>
    <string name="attributionId">{&quot;install_time&quot;:&quot;2025-07-30 15:19:17.043&quot;,&quot;af_message&quot;:&quot;organic install&quot;,&quot;af_status&quot;:&quot;Organic&quot;,&quot;is_first_launch&quot;:false}</string>
</map>
