<?xml version='1.0' encoding='utf-8' standalone='yes' ?>
<map>
    <long name="com.facebook.appevents.SessionInfo.sessionStartTime" value="1753888756499" />
    <long name="com.facebook.appevents.SessionInfo.sessionEndTime" value="1753888779622" />
    <boolean name="bg_startup_tracing" value="false" />
    <int name="com.the.x.patch.DefaultProvider.count" value="1" />
    <int name="com.the.x.patch.originalInstallVersionCode" value="20245" />
    <long name="com.sk.appcloner.classes.cloneTimestamp" value="1753888717248" />
    <int name="com.facebook.appevents.SessionInfo.interruptionCount" value="1" />
    <int name="com.sk.appcloner.classes.originalInstallVersionCode" value="21187" />
    <string name="com.facebook.appevents.SessionInfo.sessionId">1f75f9dc-1db6-4d39-8888-28baee61d507</string>
</map>
