<?xml version='1.0' encoding='utf-8' standalone='yes' ?>
<map>
    <set name="fire-db-ktx/20.3.1 fire-cls/18.6.4 fire-fcm/23.4.1 fire-sessions/1.2.4 fire-core-ktx/20.4.3 fire-analytics/21.6.2 fire-abt/21.1.1 fire-core/20.4.3 device-name/raphael device-model/raphael android-installer/com.google.android.packageinstaller kotlin/1.9.20 fire-gcs/20.3.0 android-platform/ fire-transport/18.1.8 device-brand/Xiaomi android-target-sdk/33 android-min-sdk/23 fire-android/34 fire-perf/20.5.2 fire-perf-ktx/20.5.2 fire-installations/17.2.0 fire-rtdb/20.3.1 fire-dl/21.2.0 fire-rc/21.6.3 fire-app-check/17.1.2">
        <string>2025-08-07</string>
    </set>
    <string name="last-used-date">2025-08-07</string>
    <long name="fire-count" value="1" />
    <long name="fire-global" value="1754550045432" />
</map>
