<?xml version='1.0' encoding='utf-8' standalone='yes' ?>
<map>
    <string name="ict_date:__8850222f5a2d4bc293d7b4fbd3769264:48K-8WW-754Z">07082025</string>
    <string name="deviceId:48K-8WW-754Z">__8850222f5a2d4bc293d7b4fbd3769264</string>
    <string name="pfworkid">48K-8WW-754Z</string>
    <int name="lastSessionId:48K-8WW-754Z" value="1753888753" />
    <boolean name="NetworkInfo:48K-8WW-754Z" value="true" />
    <string name="fcm_token:48K-8WW-754Z">eo1dWk_GTue4ciAWAhVmm3:APA91bGkH3d9WJV-k78Pl9of81sgZH1Gjr1dfnIIQ6f_opTBVT260VSjLCPHXGBPXN-poff12I9zo3s2G0KLoYKxiJUgHzWoqYFSgc1ZJ_U5Uu84xfhAnXE</string>
    <string name="comms_dmn:48K-8WW-754Z">eu1.clevertap-prod.com</string>
    <int name="comms_last_ts:48K-8WW-754Z" value="1753888778" />
    <int name="comms_first_ts:48K-8WW-754Z" value="1753888755" />
    <int name="sexe:48K-8WW-754Z" value="1753888779" />
    <int name="comms_mtd:48K-8WW-754Z" value="0" />
    <string name="instance:48K-8WW-754Z">{&quot;accountId&quot;:&quot;48K-8WW-754Z&quot;,&quot;accountToken&quot;:&quot;00b-3b4&quot;,&quot;fcmSenderId&quot;:&quot;732565920259&quot;,&quot;analyticsOnly&quot;:false,&quot;isDefaultInstance&quot;:true,&quot;useGoogleAdId&quot;:false,&quot;disableAppLaunchedEvent&quot;:false,&quot;personalization&quot;:true,&quot;debugLevel&quot;:0,&quot;createdPostAppLaunch&quot;:false,&quot;sslPinning&quot;:false,&quot;backgroundSync&quot;:true,&quot;getEnableCustomCleverTapId&quot;:false,&quot;beta&quot;:false,&quot;encryptionLevel&quot;:0}</string>
    <int name="istc_inapp:__8850222f5a2d4bc293d7b4fbd3769264:48K-8WW-754Z" value="0" />
    <boolean name="OptOut:__8850222f5a2d4bc293d7b4fbd3769264:48K-8WW-754Z" value="false" />
    <string name="comms_dmn_spiky:48K-8WW-754Z">eu1-spiky.clevertap-prod.com</string>
    <string name="SP_KEY_PROFILE_IDENTITIES:48K-8WW-754Z">Email,Identity</string>
    <string name="cachedGUIDsKey:48K-8WW-754Z">{&quot;Email_&quot;:&quot;__8850222f5a2d4bc293d7b4fbd3769264&quot;,&quot;Identity_2310011836549295113&quot;:&quot;__8850222f5a2d4bc293d7b4fbd3769264&quot;,&quot;Email_techqora@gmail.com&quot;:&quot;__8850222f5a2d4bc293d7b4fbd3769264&quot;}</string>
</map>
