{"Fid":"eo1dWk_GTue4ciAWAhVmm3","Status":3,"AuthToken":"eyJhbGciOiJFUzI1NiIsInR5cCI6IkpXVCJ9.eyJhcHBJZCI6IjE6NzMyNTY1OTIwMjU5OmFuZHJvaWQ6ZjZlNThhYjBlZDIwYzNjZCIsImV4cCI6MTc1NTE1NDg0NSwiZmlkIjoiZW8xZFdrX0dUdWU0Y2lBV0FoVm1tMyIsInByb2plY3ROdW1iZXIiOjczMjU2NTkyMDI1OX0.AB2LPV8wRAIgPkuG8sJf50j6_U9ejQCtf_65SOHmPPD3nbDrPOIN4XgCIFWVSLElSBj-B3gXZQ1hQpolSiwBwxV35cidsHryJmW_","RefreshToken":"3_AS3qfwKcBYbGcZt6lXNXx66Xax7bvt5lyjaM-QZcQcqwVVFXuh-wzEAMpm38YWR1zAPzDjROsCjq5O-TZSi5j55BMBZotQHo5SegTLDHFBQ8gNs","TokenCreationEpochInSecs":1754550045,"ExpiresInSecs":604800}